"question","example"
"Write a Python program to print Hello World.","Input: None → Output: Hello World"
"Write a Python program to print your name.","Input: Aayush → Output: Aayush"
"Write a Python program to print your name five times.","Input: Aayush → Output: Aayush printed 5 times"
"Write a Python program to add two numbers.","Input: 10,20 → Output: 30"
"Write a Python program to subtract two numbers.","Input: 20,8 → Output: 12"
"Write a Python program to multiply two numbers.","Input: 5,4 → Output: 20"
"Write a Python program to divide two numbers.","Input: 20,5 → Output: 4"
"Write a Python program to find the remainder of two numbers.","Input: 10,3 → Output: 1"
"Write a Python program to find the square of a number.","Input: 5 → Output: 25"
"Write a Python program to find the cube of a number.","Input: 3 → Output: 27"
"Write a Python program to check whether a number is even or odd.","Input: 7 → Output: Odd"
"Write a Python program to check whether a number is positive negative or zero.","Input: -5 → Output: Negative"
"Write a Python program to check whether a number is greater than 50.","Input: 70 → Output: True"
"Write a Python program to check whether two numbers are equal.","Input: 10,10 → Output: Equal"
"Write a Python program to find the largest of two numbers.","Input: 10,20 → Output: 20"
"Write a Python program to find the smallest of two numbers.","Input: 10,5 → Output: 5"
"Write a Python program to find the largest of three numbers.","Input: 10,25,15 → Output: 25"
"Write a Python program to find the smallest of three numbers.","Input: 10,25,5 → Output: 5"
"Write a Python program to check whether a number is divisible by 5.","Input: 25 → Output: True"
"Write a Python program to check whether a number is divisible by 2 and 3.","Input: 12 → Output: True"
"Write a Python program to print numbers from 1 to 10.","Input: None → Output: 1 2 3 4 5 6 7 8 9 10"
"Write a Python program to print numbers from 10 to 1.","Input: None → Output: 10 9 8 7 6 5 4 3 2 1"
"Write a Python program to print numbers from 1 to 20.","Input: None → Output: 1 to 20"
"Write a Python program to print even numbers from 1 to 20.","Input: None → Output: 2 4 6 8 10 12 14 16 18 20"
"Write a Python program to print odd numbers from 1 to 20.","Input: None → Output: 1 3 5 7 9 11 13 15 17 19"
"Write a Python program to print multiples of 5 from 1 to 50.","Input: None → Output: 5 10 15 ... 50"
"Write a Python program to print multiples of 10 from 1 to 100.","Input: None → Output: 10 20 30 ... 100"
"Write a Python program to print numbers divisible by 3 from 1 to 30.","Input: None → Output: 3 6 9 ... 30"
"Write a Python program to find the sum of numbers from 1 to 10.","Input: None → Output: 55"
"Write a Python program to find the sum of even numbers from 1 to 20.","Input: None → Output: 110"
"Write a Python program to find the sum of odd numbers from 1 to 20.","Input: None → Output: 100"
"Write a Python program to print the multiplication table of a number.","Input: 5 → Output: 5 10 15 ... 50"
"Write a Python program to print the first 10 multiples of a number.","Input: 4 → Output: 4 8 12 ... 40"
"Write a Python program to count numbers from 1 to 100.","Input: None → Output: 100"
"Write a Python program to count even numbers from 1 to 100.","Input: None → Output: 50"
"Write a Python program to count odd numbers from 1 to 100.","Input: None → Output: 50"
"Write a Python program to print numbers from 50 to 1.","Input: None → Output: 50 49 48 ... 1"
"Write a Python program to print squares from 1 to 10.","Input: None → Output: 1 4 9 ... 100"
"Write a Python program to print cubes from 1 to 5.","Input: None → Output: 1 8 27 64 125"
"Write a Python program to calculate the factorial of a number.","Input: 5 → Output: 120"
"Write a Python program to reverse a string.","Input: Hello → Output: olleH"
"Write a Python program to find the length of a string.","Input: Python → Output: 6"
"Write a Python program to convert a string to uppercase.","Input: python → Output: PYTHON"
"Write a Python program to convert a string to lowercase.","Input: PYTHON → Output: python"
"Write a Python program to capitalize a string.","Input: python → Output: Python"
"Write a Python program to count vowels in a string.","Input: Hello → Output: 2"
"Write a Python program to count consonants in a string.","Input: Hello → Output: 3"
"Write a Python program to count spaces in a string.","Input: Hello World → Output: 1"
"Write a Python program to remove spaces from a string.","Input: Hello World → Output: HelloWorld"
"Write a Python program to replace spaces with hyphens.","Input: Hello World → Output: Hello-World"
"Write a Python program to check whether a string is empty.","Input: """" → Output: True"
"Write a Python program to check whether a string contains a word.","Input: Python is easy, Python → Output: True"
"Write a Python program to count a character in a string.","Input: banana, a → Output: 3"
"Write a Python program to find the first character of a string.","Input: Python → Output: P"
"Write a Python program to find the last character of a string.","Input: Python → Output: n"
"Write a Python program to print each character of a string.","Input: ABC → Output: A B C"
"Write a Python program to check whether a string starts with a given character.","Input: Python, P → Output: True"
"Write a Python program to check whether a string ends with a given character.","Input: Python, n → Output: True"
"Write a Python program to count words in a sentence.","Input: Python is easy → Output: 3"
"Write a Python program to reverse the order of words in a sentence.","Input: Python is easy → Output: easy is Python"
"Write a Python program to create a list.","Input: 1,2,3 → Output: [1,2,3]"
"Write a Python program to print all elements of a list.","Input: [1,2,3] → Output: 1 2 3"
"Write a Python program to find the length of a list.","Input: [1,2,3,4] → Output: 4"
"Write a Python program to find the largest element in a list.","Input: [10,25,7,40] → Output: 40"
"Write a Python program to find the smallest element in a list.","Input: [10,25,7,40] → Output: 7"
"Write a Python program to find the sum of list elements.","Input: [1,2,3,4] → Output: 10"
"Write a Python program to find the average of list elements.","Input: [10,20,30] → Output: 20"
"Write a Python program to count even numbers in a list.","Input: [1,2,3,4] → Output: 2"
"Write a Python program to count odd numbers in a list.","Input: [1,2,3,4,5] → Output: 3"
"Write a Python program to find the first element of a list.","Input: [10,20,30] → Output: 10"
"Write a Python program to find the last element of a list.","Input: [10,20,30] → Output: 30"
"Write a Python program to add an element to a list.","Input: [1,2], add 3 → Output: [1,2,3]"
"Write a Python program to remove an element from a list.","Input: [1,2,3], remove 2 → Output: [1,3]"
"Write a Python program to check whether an element exists in a list.","Input: [1,2,3], search 2 → Output: True"
"Write a Python program to sort a list.","Input: [5,2,8,1] → Output: [1,2,5,8]"
"Write a Python program to reverse a list.","Input: [1,2,3] → Output: [3,2,1]"
"Write a Python program to copy a list.","Input: [1,2,3] → Output: [1,2,3]"
"Write a Python program to remove duplicate elements from a list.","Input: [1,2,2,3] → Output: [1,2,3]"
"Write a Python program to find common elements between two lists.","Input: [1,2,3], [2,3,4] → Output: [2,3]"
"Write a Python program to combine two lists.","Input: [1,2], [3,4] → Output: [1,2,3,4]"
"Write a Python program to create a tuple.","Input: 1,2,3 → Output: (1,2,3)"
"Write a Python program to print tuple elements.","Input: (1,2,3) → Output: 1 2 3"
"Write a Python program to find the length of a tuple.","Input: (1,2,3,4) → Output: 4"
"Write a Python program to find the largest element in a tuple.","Input: (10,20,5) → Output: 20"
"Write a Python program to find the smallest element in a tuple.","Input: (10,20,5) → Output: 5"
"Write a Python program to find the sum of tuple elements.","Input: (1,2,3) → Output: 6"
"Write a Python program to check whether an item exists in a tuple.","Input: (1,2,3), search 2 → Output: True"
"Write a Python program to count an item in a tuple.","Input: (1,2,2,3), item 2 → Output: 2"
"Write a Python program to convert a tuple into a list.","Input: (1,2,3) → Output: [1,2,3]"
"Write a Python program to concatenate two tuples.","Input: (1,2), (3,4) → Output: (1,2,3,4)"
"Write a Python program to create a dictionary.","Input: name=Aayush → Output: {'name':'Aayush'}"
"Write a Python program to print dictionary keys.","Input: {'a':1,'b':2} → Output: a b"
"Write a Python program to print dictionary values.","Input: {'a':1,'b':2} → Output: 1 2"
"Write a Python program to print dictionary keys and values.","Input: {'a':1,'b':2} → Output: a=1,b=2"
"Write a Python program to find the length of a dictionary.","Input: {'a':1,'b':2} → Output: 2"
"Write a Python program to check whether a key exists.","Input: {'name':'Aayush'}, key=name → Output: True"
"Write a Python program to add a key-value pair to a dictionary.","Input: {'a':1}, add b=2 → Output: {'a':1,'b':2}"
"Write a Python program to update a dictionary value.","Input: {'a':1}, update a=5 → Output: {'a':5}"
"Write a Python program to remove a key from a dictionary.","Input: {'a':1,'b':2}, remove b → Output: {'a':1}"
"Write a Python program to calculate the sum of dictionary values.","Input: {'a':10,'b':20} → Output: 30"
"Write a Python program to find the largest dictionary value.","Input: {'a':10,'b':20} → Output: 20"
"Write a Python program to find the smallest dictionary value.","Input: {'a':10,'b':5} → Output: 5"
"Write a Python program to create a dictionary of squares.","Input: [1,2,3] → Output: {1:1,2:4,3:9}"
"Write a Python program to create a dictionary of cubes.","Input: [1,2,3] → Output: {1:1,2:8,3:27}"
"Write a Python program to merge two dictionaries.","Input: {'a':1}, {'b':2} → Output: {'a':1,'b':2}"
"Write a Python program to swap two variables.","Input: a=10,b=20 → Output: a=20,b=10"
"Write a Python program to convert Celsius to Fahrenheit.","Input: 25 → Output: 77"
"Write a Python program to convert kilometers to meters.","Input: 5 → Output: 5000"
"Write a Python program to convert meters to centimeters.","Input: 3 → Output: 300"
"Write a Python program to calculate the area of a square.","Input: Side=5 → Output: 25"
"Write a Python program to calculate the perimeter of a square.","Input: Side=5 → Output: 20"
"Write a Python program to calculate the area of a rectangle.","Input: 10,5 → Output: 50"
"Write a Python program to calculate the perimeter of a rectangle.","Input: 10,5 → Output: 30"
"Write a Python program to calculate the area of a triangle.","Input: Base=10,Height=6 → Output: 30"
"Write a Python program to calculate the area of a circle.","Input: Radius=7 → Output: 153.94"
"Write a Python program to calculate the volume of a cube.","Input: Side=4 → Output: 64"
"Write a Python program to calculate the simple interest.","Input: P=1000,R=5,T=2 → Output: 100"
"Write a Python program to calculate the percentage of five subjects.","Input: 80,70,90,60,75 → Output: 75%"
"Write a Python program to check whether a student passed or failed.","Input: 65 → Output: Pass"
"Write a Python program to find grade from marks.","Input: 85 → Output: A"
"Write a Python program to check whether a year is a leap year.","Input: 2024 → Output: Leap Year"
"Write a Python program to check whether a person is eligible to vote.","Input: Age=20 → Output: Eligible"
"Write a Python program to check whether a person is an adult.","Input: Age=20 → Output: Adult"
"Write a Python program to check whether a number is divisible by 10.","Input: 50 → Output: True"
"Write a Python program to check whether a number is a multiple of 3.","Input: 12 → Output: True"
"Write a Python program to print a right triangle star pattern.","Input: 4 → Output: \*, \*\*, \*\*\*, \*\*\*\*"
"Write a Python program to print an inverted star triangle.","Input: 4 → Output: \*\*\*\*, \*\*\*, \*\*, \*"
"Write a Python program to print a square star pattern.","Input: 3 → Output: \*\*\*, \*\*\*, \*\*\*"
"Write a Python program to print a number triangle.","Input: 4 → Output: 1, 12, 123, 1234"
"Write a Python program to print a reverse number triangle.","Input: 4 → Output: 1234,123,12,1"
"Write a Python program to print numbers in a row.","Input: 5 → Output: 1 2 3 4 5"
"Write a Python program to print stars in a row.","Input: 5 → Output: \*\*\*\*\*"
"Write a Python program to find the sum of digits of a number.","Input: 1234 → Output: 10"
"Write a Python program to count digits in a number.","Input: 12345 → Output: 5"
"Write a Python program to reverse the digits of a number.","Input: 12345 → Output: 54321"
"Write a Python program to find the largest digit of a number.","Input: 5832 → Output: 8"
"Write a Python program to find the smallest digit of a number.","Input: 5832 → Output: 2"
"Write a Python program to count zeroes in a number.","Input: 10020 → Output: 3"
"Write a Python program to check whether a number is a palindrome.","Input: 121 → Output: Palindrome"
"Write a Python program to check whether a number is a multiple of 5.","Input: 25 → Output: True"
"Write a Python program to calculate the product of digits.","Input: 1234 → Output: 24"
"Write a Python program to find the factorial using a loop.","Input: 5 → Output: 120"
"Write a Python program to generate Fibonacci numbers.","Input: 7 → Output: 0 1 1 2 3 5 8"
"Write a Python program to find the sum of Fibonacci terms.","Input: 5 terms → Output: 7"
"Write a Python program to check whether a number is prime.","Input: 7 → Output: Prime"
"Write a Python program to print prime numbers from 1 to 20.","Input: None → Output: 2 3 5 7 11 13 17 19"
"Write a Python program to find factors of a number.","Input: 12 → Output: 1 2 3 4 6 12"
"Write a Python program to count factors of a number.","Input: 12 → Output: 6"
"Write a Python program to find the GCD of two numbers.","Input: 12,18 → Output: 6"
"Write a Python program to find the LCM of two numbers.","Input: 4,6 → Output: 12"
"Write a Python program to create a function that adds two numbers.","Input: 10,20 → Output: 30"
"Write a Python program to create a function that checks even or odd.","Input: 8 → Output: Even"
"Write a Python program to create a function that returns the square.","Input: 6 → Output: 36"
"Write a Python program to create a function that returns the largest number.","Input: 10,20 → Output: 20"
"Write a Python program to create a function that returns the smallest number.","Input: 10,5 → Output: 5"
"Write a Python program using a default argument.","Input: greet() → Output: Hello"
"Write a Python program using keyword arguments.","Input: name=Aayush, age=20 → Output: Aayush 20"
"Write a Python program using \*args to find the sum.","Input: 10,20,30 → Output: 60"
"Write a Python program using lambda to find the square.","Input: 5 → Output: 25"
"Write a Python program using map() to calculate squares.","Input: [1,2,3] → Output: [1,4,9]"
"Write a Python program using filter() to find even numbers.","Input: [1,2,3,4] → Output: [2,4]"
"Write a Python program using reduce() to calculate product.","Input: [1,2,3,4] → Output: 24"
"Write a Python program to handle invalid integer input.","Input: abc → Output: Invalid number"
"Write a Python program to handle division by zero.","Input: 10/0 → Output: Cannot divide by zero"
"Write a Python program to handle invalid input using try-except.","Input: abc → Output: Invalid input"
"Write a Python program to create JSON from a Python dictionary.","Input: {'name':'Aayush'} → Output: JSON data"
"Write a Python program to read a JSON value.","Input: name=Aayush → Output: Aayush"
"Write a Python program to create a simple calculator.","Input: 10+5 → Output: 15"
"Write a Python program to create a calculator using functions.","Input: 10+5 → Output: 15"
"Write a Python program to create a list of even numbers from 1 to 20.","Input: None → Output: [2,4,6,8,10,12,14,**16,**18,20]"
"Write a Python program to create a list of odd numbers from 1 to 20.","Input: None → Output: [1,3,5,7,9,11,13,**15,**17,19]"
"Write a Python program to create squares using list comprehension.","Input: [1,2,3] → Output: [1,4,9]"
"Write a Python program to create cubes using list comprehension.","Input: [1,2,3] → Output: [1,8,27]"
"Write a Python program to create numbers divisible by 3 using list comprehension.","Input: 1 to 10 → Output: [3,6,9]"
"Write a Python program to create a list containing word lengths.","Input: ['cat','python'] → Output: [3,6]"
"Write a Python program to create a dictionary from two lists.","Input: ['a','b'],[1,2] → Output: {'a':1,'b':2}"
"Write a Python program to create a dictionary of word lengths.","Input: ['cat','python'] → Output: {'cat':3,'python':6}"
"Write a Python program to create a Student class.","Input: Aayush,85 → Output: Student details"
"Write a Python program to create a Car class.","Input: Toyota → Output: Car=Toyota"
"Write a Python program to create a Rectangle class.","Input: 10,5 → Output: Area=50"
"Write a Python program to create a class with a constructor.","Input: Aayush → Output: Object created"
"Write a Python program to store student name and age using a class.","Input: Aayush,20 → Output: Student details"
"Write a Python program to create a class with a method.","Input: Aayush → Output: Hello Aayush"
"Write a Python program to calculate rectangle area using a class.","Input: 10,5 → Output: 50"
"Write a Python program to calculate square area using a function.","Input: 5 → Output: 25"
"Write a Python program to check whether a character is uppercase.","Input: A → Output: True"
"Write a Python program to check whether a character is lowercase.","Input: a → Output: True"
"Write a Python program to count uppercase letters.","Input: Hello WORLD → Output: 5"
"Write a Python program to count lowercase letters.","Input: Hello WORLD → Output: 4"
"Write a Python program to check whether a string contains only digits.","Input: 12345 → Output: True"
"Write a Python program to check whether a string contains only alphabets.","Input: Python → Output: True"
"Write a Python program to check whether two strings are equal.","Input: Python,Python → Output: Equal"
"Write a Python program to join two strings.","Input: Hello,World → Output: HelloWorld"
"Write a Python program to repeat a string three times.","Input: Hi → Output: HiHiHi"
"Write a Python program to find the middle element of a list.","Input: [10,20,30,40,50] → Output: 30"
"Write a Python program to find the difference between maximum and minimum.","Input: [10,25,5,40] → Output: 35"
"Write a Python program to find the average of three numbers.","Input: 10,20,30 → Output: 20"
"Write a Python program to separate even and odd numbers in a list.","Input: [1,2,3,4] → Output: Even=[2,4], Odd=[1,3]"
"Write a Python program to find duplicate elements in a list.","Input: [1,2,2,3,3] → Output: [2,3]"
"Write a Python program to print a welcome message using a function.","Input: Aayush → Output: Welcome Aayush"
